"id1","id2"
"1","75800424","81615392"
"2","75800424","80576132"
"3","75800424","81710198"
"4","76404994","80154392"
"5","75255402","82034624"
"6","77661244","81120152"
"7","76048910","79237666"
"8","79711466","79514924"
"9","79495294","81104036"
"10","79666270","77932370"
"11","79666270","70436946"
"12","77932370","70436946"
"13","77932370","78000080"
"14","99939756","80558566"
"15","81104036","80300724"
"16","81104036","78037776"
"17","80300724","78037776"
"18","70057404","75502466"
"19","76404994","81604564"
"20","82039162","81604564"
"21","82039162","82259236"
"22","81604564","82259236"
"23","82039162","83700182"
"24","80154392","76399394"
"25","83700182","76399394"
"26","77000502","76368400"
"27","79666270","80294882"
"28","79297704","80294882"
"29","78962448","80792246"
"30","80193474","71177120"
"31","80955410","71177120"
"32","80541080","83743190"
"33","79158676","81136294"
"34","79158676","80282290"
"35","81136294","80282290"
"36","70057404","82273198"
"37","79138288","82354328"
"38","81866262","82354328"
"39","71955052","79424554"
"40","80840636","79424554"
"41","79424554","77744630"
"42","71428114","83694768"
"43","83776322","83694768"
"44","71428114","78105522"
"45","79091778","82230430"
"46","80541080","82230430"
"47","79711466","80941798"
"48","79711466","79170930"
"49","75705962","69433580"
"50","80848500","81307160"
"51","81562142","80123616"
"52","78759982","80123616"
"53","80119732","76077102"
"54","80119732","79005718"
"55","76077102","79005718"
"56","81182918","69942180"
"57","77707900","78890202"
"58","77707900","70160964"
"59","69572502","79045192"
"60","78890202","77418256"
"61","79746552","76112272"
"62","79796776","79316008"
"63","79796776","78686632"
"64","82643976","82836900"
"65","82643976","83021406"
"66","83021406","81186902"
"67","83021406","83009568"
"68","78976510","78180120"
"69","79353326","69913298"
"70","79091778","80713388"
"71","80193474","79258342"
"72","80994984","79258342"
"73","80955410","79258342"
"74","71177120","79258342"
"75","80193474","79321424"
"76","71177120","82513948"
"77","71857870","76065440"
"78","81581312","79937680"
"79","81581312","81490390"
"80","82445758","81490390"
"81","77649096","81490390"
"82","77735038","70597828"
"83","76368400","70597828"
"84","70597828","80355568"
"85","82348230","77837380"
"86","76599702","77837380"
"87","81186902","77837380"
"88","78842378","75124936"
"89","81271520","82357822"
"90","77839048","82357822"
"91","83700182","81138240"
"92","83700182","79512630"
"93","83700182","83587674"
"94","79512630","83587674"
"95","71824378","81225870"
"96","81274894","81225870"
"97","80576132","75498296"
"98","78429144","75498296"
"99","82913726","82136500"
"100","77036836","71607426"
"101","71607426","71830278"
"102","80713388","82876878"
"103","70245468","78983136"
"104","79983590","78983136"
"105","82445758","80588330"
"106","82445758","82186180"
"107","81490390","82186180"
"108","82445758","80887764"
"109","81490390","80887764"
"110","77707900","79553840"
"111","79746552","79553840"
"112","77707900","79633490"
"113","79633832","78363676"
"114","79633832","79992316"
"115","78363676","79992316"
"116","79633832","77600002"
"117","80994984","82019750"
"118","82114888","80865344"
"119","81266136","80865344"
"120","79158676","71126688"
"121","79158676","78330548"
"122","81307160","81486258"
"123","76499792","81486258"
"124","82643976","77818930"
"125","79666270","81266332"
"126","77932370","81266332"
"127","80865344","81266332"
"128","81305622","82667430"
"129","78330548","82063534"
"130","80955410","72581582"
"131","79258342","72581582"
"132","74292538","81259852"
"133","79012768","78017408"
"134","80840636","78017408"
"135","76616186","75580972"
"136","77078586","80926906"
"137","72369458","79815416"
"138","77078586","79815416"
"139","71177120","81726864"
"140","81971672","81726864"
"141","76065440","77020428"
"142","76185088","79287624"
"143","81490390","79287624"
"144","72011048","77557472"
"145","77818930","77557472"
"146","78017408","77557472"
"147","70057404","81256498"
"148","80713388","77924626"
"149","80610436","72814886"
"150","81581312","83852600"
"151","79937680","83852600"
"152","80199624","83852600"
"153","79308862","79767630"
"154","79553840","79767630"
"155","83891222","82032484"
"156","70050682","82032484"
"157","83891222","82268394"
"158","74292538","64600800"
"159","83102048","82698976"
"160","76301792","99873062"
"161","76189160","99873062"
"162","80994984","99873062"
"163","80738138","79334202"
"164","75498296","79334202"
"165","82201970","83587496"
"166","78977718","71606458"
"167","81378754","78791436"
"168","79711466","71951886"
"169","79495294","71951886"
"170","81104036","71951886"
"171","79758206","81525394"
"172","82348230","81525394"
"173","80588330","81525394"
"174","80588330","78368494"
"175","80109370","82688738"
"176","80961682","81194330"
"177","78875556","76449640"
"178","73966114","78715670"
"179","76053412","78715670"
"180","83891222","78715670"
"181","81508114","82283234"
"182","78977718","77195608"
"183","82610310","81706444"
"184","69611228","80010746"
"185","80724288","80827028"
"186","81791598","78332222"
"187","77070198","74895322"
"188","76424586","78687044"
"189","79925860","78687044"
"190","77735038","71590586"
"191","80452940","81249614"
"192","79171778","76217506"
"193","81562142","82464826"
"194","80123616","82464826"
"195","81251412","78871558"
"196","80576132","80039868"
"197","80541080","76833440"
"198","76392392","80015814"
"199","78712304","80015814"
"200","75580972","80015814"
"201","80909484","80658514"
"202","78040942","75640168"
"203","80333424","82081520"
"204","69572502","82081520"
"205","81394242","79730030"
"206","70057404","72023702"
"207","82644598","82905726"
"208","81378754","80187344"
"209","78791436","80187344"
"210","77388042","79660954"
"211","76449640","79660954"
"212","81305622","81949084"
"213","99873062","82605778"
"214","82872686","82605778"
"215","71955052","75501534"
"216","76966084","75501534"
"217","77842342","81573262"
"218","80010746","81573262"
"219","77837380","82256604"
"220","79971560","82256604"
"221","79897072","71814320"
"222","80434400","76755436"
"223","79269510","77993376"
"224","77301524","77993376"
"225","82273198","77993376"
"226","78737748","77993376"
"227","81305622","77993376"
"228","80731326","77993376"
"229","80724288","77993376"
"230","81462904","79724438"
"231","78875556","78147220"
"232","80849404","80700960"
"233","78977718","82987154"
"234","80961682","81667152"
"235","82445350","81667152"
"236","69933278","81382396"
"237","79614074","81382396"
"238","77036836","81382396"
"239","80713388","81382396"
"240","79343928","75408966"
"241","80119732","80574990"
"242","76077102","80574990"
"243","82656656","80574990"
"244","79005718","80574990"
"245","79666270","79883004"
"246","81629906","78145180"
"247","75469150","78145180"
"248","71976942","78145180"
"249","79147102","78145180"
"250","79269510","71713106"
"251","80724288","82320696"
"252","77993376","75540644"
"253","78759982","82542892"
"254","83021724","82542892"
"255","79915288","82542892"
"256","82730272","82517288"
"257","80109370","82517288"
"258","82730272","76974700"
"259","83102048","82489988"
"260","71955052","75488638"
"261","83351212","82955178"
"262","82283016","82955178"
"263","80422810","75571634"
"264","79430718","79696802"
"265","78145180","75932854"
"266","81885078","80370512"
"267","81866262","77469364"
"268","82542892","82182078"
"269","75408966","82101664"
"270","76424586","76868202"
"271","80744444","76868202"
"272","75640168","80390500"
"273","71273338","80390500"
"274","99939756","82211258"
"275","82259236","78012458"
"276","80137444","77715076"
"277","77973100","77715076"
"278","77973100","81158362"
"279","79543718","75755324"
"280","83776322","76438372"
"281","83776322","82564758"
"282","83776322","75712440"
"283","83776322","80611060"
"284","83776322","82685322"
"285","82564758","82685322"
"286","83776322","80301518"
"287","76077102","82622170"
"288","81059616","82622170"
"289","99873062","82622170"
"290","80713388","79893682"
"291","76262622","79893682"
"292","79971560","75854082"
"293","81629906","82413908"
"294","82201970","82413908"
"295","81423420","76827304"
"296","82814038","81993632"
"297","80694850","81993632"
"298","82211258","81993632"
"299","77809660","81993632"
"300","79138288","79185590"
"301","82610310","80505366"
"302","71741514","83173720"
"303","71741514","83674470"
"304","82935474","83674470"
"305","75844742","82149820"
"306","78686632","82149820"
"307","82264932","80820428"
"308","82489988","80820428"
"309","82905726","83590816"
"310","82905726","82445386"
"311","75965800","81648962"
"312","79666270","80585094"
"313","77932370","80585094"
"314","82063534","81933600"
"315","80849404","81933600"
"316","70610762","81933600"
"317","78791436","81933600"
"318","81933600","76463600"
"319","82273198","80523114"
"320","80039868","77157918"
"321","80713388","79037746"
"322","70597828","82744748"
"323","80355568","82744748"
"324","81458892","81050144"
"325","81486258","78710974"
"326","78962448","76720390"
"327","75501534","81262542"
"328","81036968","81262542"
"329","71741514","83572470"
"330","83674470","83572470"
"331","83145012","83572470"
"332","80744444","80194702"
"333","81189722","80194702"
"334","80193474","72072378"
"335","72862976","72072378"
"336","72581582","71956748"
"337","82263624","99812848"
"338","78312062","77716244"
"339","80944200","81978224"
"340","79729024","77979342"
"341","74895322","79193264"
"342","80658514","79193264"
"343","81971672","82455474"
"344","82860608","82279734"
"345","80792246","80434068"
"346","79660954","80434068"
"347","77649096","77210732"
"348","76185088","77210732"
"349","82182078","99769198"
"350","82332472","82859328"
"351","81266136","82859328"
"352","81274894","82859328"
"353","76360808","81260132"
"354","99907050","75451962"
"355","82182078","81816400"
"356","78212116","81816400"
"357","80301518","75610068"
"358","99812848","99758982"
"359","99812848","99761268"
"360","77036836","69569548"
"361","77993376","82023174"
"362","75502466","78805820"
"363","76065440","78805820"
"364","82125666","80371816"
"365","82349640","82773350"
"366","72369458","80474170"
"367","75977086","80260292"
"368","76301792","80978254"
"369","82911138","78931680"
"370","80452940","78931680"
"371","76758602","76170092"
"372","79560772","76170092"
"373","71955052","70952704"
"374","99853322","70952704"
"375","71951886","80962590"
"376","99758316","81727078"
"377","82077170","81914602"
"378","79915288","81914602"
"379","74292538","79901780"
"380","99939756","79901780"
"381","80558566","79901780"
"382","81816856","81896224"
"383","81059616","81896224"
"384","78904132","81896224"
"385","81260132","83881886"
"386","79269510","70777278"
"387","82876878","83132816"
"388","83132816","99801082"
"389","80490180","80678852"
"390","99801082","81915042"
"391","83062446","80733356"
"392","78646818","80733356"
"393","78343398","82428784"
"394","79138288","83743968"
"395","83593312","83743968"
"396","82608928","83743968"
"397","83062446","99773220"
"398","82568440","99986594"
"399","83743968","99986594"
"400","82194464","99986594"
"401","99773220","99986594"
"402","79711466","71980618"
"403","82256604","81252956"
"404","76301792","79658250"
"405","77923114","79658250"
"406","83009568","81222940"
"407","77707900","76793580"
"408","78890202","76793580"
"409","81861690","80123652"
"410","83148992","81780704"
"411","82536482","81780704"
"412","81816400","81780704"
"413","78878544","81859990"
"414","81462904","81859990"
"415","78197846","81859990"
"416","78429144","81859990"
"417","79316008","80631644"
"418","77993376","80300964"
"419","80792246","82373536"
"420","79660954","82373536"
"421","81796116","81745750"
"422","81816400","81745750"
"423","82034624","81598106"
"424","79515250","81598106"
"425","82568440","81598106"
"426","99939756","82657726"
"427","83727930","99795358"
"428","71741514","83598208"
"429","99752704","83598208"
"430","77924626","81741454"
"431","82445386","82652806"
"432","81102956","83028100"
"433","80827028","79797906"
"434","79992316","82882370"
"435","79293606","82882370"
"436","82605778","82882370"
"437","82407968","82882370"
"438","83727930","81731904"
"439","79671158","79397480"
"440","77993376","79397480"
"441","82418000","83181506"
"442","82256604","83181506"
"443","82373536","81778204"
"444","83154460","81778204"
"445","76499792","83069472"
"446","81072524","83069472"
"447","83674470","99870536"
"448","99762258","83537182"
"449","81382396","81894468"
"450","79893682","83014752"
"451","83028100","82147998"
"452","82656656","82280630"
"453","83990710","83545782"
"454","81102956","79777664"
"455","82063534","82812422"
"456","83774946","82812422"
"457","78343398","82848700"
"458","81378754","82848700"
"459","80961682","82602398"
"460","83932060","99851182"
"461","99853540","99851182"
"462","83674470","99851182"
"463","99870536","99851182"
"464","83932060","75668418"
"465","80434068","75213540"
"466","83891094","83709826"
"467","82536482","83803710"
"468","82418000","83803710"
"469","83886234","83895436"
"470","82848700","83895436"
"471","82602398","83895436"
"472","71428114","64797262"
"473","75502466","82089146"
"474","71955052","82089146"
"475","79025534","82089146"
"476","82498024","82089146"
"477","78842378","82089146"
"478","72735764","82089146"
"479","70205380","82089146"
"480","80892494","82089146"
"481","77707900","82089146"
"482","72464050","82089146"
"483","69933278","82089146"
"484","79146180","82089146"
"485","76758602","82089146"
"486","78127256","82089146"
"487","79353326","82089146"
"488","81182918","82089146"
"489","83545782","82089146"
"490","77301524","82926022"
"491","82283016","99933942"
"492","82955178","99933942"
"493","99870536","99933942"
"494","77302486","99919750"
"495","81508114","99919750"
"496","82283234","99919750"
"497","71741514","83860016"
"498","83012278","83860016"
"499","83173720","83860016"
"500","83891094","83860016"
"501","76404994","82758238"
"502","82039162","82758238"
"503","79012768","82758238"
"504","80154392","82758238"
"505","77278804","82758238"
"506","70135828","82758238"
"507","81063092","82758238"
"508","83574504","82758238"
"509","80026266","81910004"
"510","79736858","81910004"
"511","99847408","83013666"
"512","83774946","83013666"
"513","82899986","83532050"
"514","82876878","83532050"
"515","99817964","83532050"
"516","83776322","99940596"
"517","99755626","99940596"
"518","70375176","83969420"
"519","81885078","83969420"
"520","78983136","83969420"
"521","80137444","83969420"
"522","81791598","83969420"
"523","81317514","83969420"
"524","82349640","83969420"
"525","81816340","81412746"
"526","76553934","81412746"
"527","81394242","81412746"
"528","70057404","63906146"
"529","82968428","82212764"
"530","80703654","82212764"
"531","80610436","82212764"
"532","80703654","76953702"
"533","75800424","76953702"
"534","81615392","76953702"
"535","81710198","72954906"
"536","81710198","81756286"
"537","76404994","83168200"
"538","82039162","83168200"
"539","81816340","82894236"
"540","78040942","82894236"
"541","81526874","82894236"
"542","81816856","82894236"
"543","80848500","76780596"
"544","75255402","80779014"
"545","82034624","80779014"
"546","71824378","79592904"
"547","81120152","79592904"
"548","76048910","79179552"
"549","79237666","79179552"
"550","76048910","76381320"
"551","79711466","76586766"
"552","79514924","76586766"
"553","77000502","80250088"
"554","79666270","80161210"
"555","79666270","75431312"
"556","78875556","77061248"
"557","74292538","75539504"
"558","70375176","78906296"
"559","80558566","78906296"
"560","76959974","78906296"
"561","75844742","78906296"
"562","80300724","80391308"
"563","80300724","80483928"
"564","80300724","78273356"
"565","78037776","78273356"
"566","80300724","82797088"
"567","81604564","80404524"
"568","82039162","78185052"
"569","81604564","78185052"
"570","82039162","99762700"
"571","81104036","99762700"
"572","78037776","99762700"
"573","82259236","99762700"
"574","83700182","99762700"
"575","76399394","99762700"
"576","80239676","99762700"
"577","76616186","76313670"
"578","77735038","76313670"
"579","78828906","83575042"
"580","80731332","83575042"
"581","81581312","83575042"
"582","72601440","83575042"
"583","79297704","83187410"
"584","80434400","83187410"
"585","80294882","83187410"
"586","78962448","79236504"
"587","77388042","79236504"
"588","80792246","79236504"
"589","83776322","83935410"
"590","75493862","83935410"
"591","80994984","80192790"
"592","76836818","76978352"
"593","76836818","70586164"
"594","80840636","70586164"
"595","83743190","83905344"
"596","99830642","83905344"
"597","82814038","80081204"
"598","79543718","81659810"
"599","69627004","83180452"
"600","72862976","83180452"
"601","79158676","81606640"
"602","81136294","81606640"
"603","76360808","83093248"
"604","71354304","83093248"
"605","78116866","83093248"
"606","82273198","80316434"
"607","77342754","80316434"
"608","72565272","80316434"
"609","82273198","78043970"
"610","79138288","82584824"
"611","81866262","82584824"
"612","79729024","82584824"
"613","82354328","82584824"
"614","80547794","82584824"
"615","71955052","75840494"
"616","79424554","75840494"
"617","72011048","76768252"
"618","72011048","81349162"
"619","83062446","82812930"
"620","83047330","82812930"
"621","77930220","82812930"
"622","80541080","79490140"
"623","82230430","79490140"
"624","79560772","79490140"
"625","80541080","83733186"
"626","79514924","73021660"
"627","75705962","80915488"
"628","79614074","80915488"
"629","69433580","80915488"
"630","82730272","99774766"
"631","79623138","99774766"
"632","82445758","99774766"
"633","82730272","82540964"
"634","81307160","80983556"
"635","79796776","79964882"
"636","76599702","79964882"
"637","79545016","79964882"
"638","80961682","79311584"
"639","82913726","79311584"
"640","80961682","77358354"
"641","69942180","77112558"
"642","77707900","71176050"
"643","78890202","71176050"
"644","77707900","76168854"
"645","78890202","76168854"
"646","77707900","78685324"
"647","78890202","78685324"
"648","70160964","78685324"
"649","78019796","79453296"
"650","71824378","81088238"
"651","78019796","81088238"
"652","77418256","76045430"
"653","72369458","69255974"
"654","79746552","69258718"
"655","76112272","69258718"
"656","79746552","81364736"
"657","79430718","81364736"
"658","82911138","80267252"
"659","82114888","80267252"
"660","82911138","82408770"
"661","81102956","82408770"
"662","82911138","69374400"
"663","82643976","82783106"
"664","82125666","82783106"
"665","82836900","82783106"
"666","83021406","82783106"
"667","78976510","71988106"
"668","78976510","70296798"
"669","78976510","79550434"
"670","77437182","79550434"
"671","78180120","79550434"
"672","79353326","69410040"
"673","69913298","69410040"
"674","79353326","70531434"
"675","71857870","80409026"
"676","80944200","80409026"
"677","75469150","79608316"
"678","70050682","79608316"
"679","75469150","82542826"
"680","71177120","78238008"
"681","79258342","78238008"
"682","82513948","78238008"
"683","80333424","79079416"
"684","80333424","77822182"
"685","80333424","79563868"
"686","76065440","79563868"
"687","76143032","79563868"
"688","80333424","71059328"
"689","81581312","69496788"
"690","79237666","69512442"
"691","79237666","78209482"
"692","79633832","78209482"
"693","76185088","76519060"
"694","77015474","76519060"
"695","76185088","81017232"
"696","76185088","69513120"
"697","80355568","78908530"
"698","75399634","82566742"
"699","80718120","82566742"
"700","77837380","82566742"
"701","75124936","79341070"
"702","80026266","80201784"
"703","71824378","75722242"
"704","82357822","82930338"
"705","81138240","82930338"
"706","82220118","82467814"
"707","79897072","82467814"
"708","79897072","81849134"
"709","80227708","81849134"
"710","75964476","81849134"
"711","75498296","81260160"
"712","70050682","69594418"
"713","79171778","71053842"
"714","79171778","82869518"
"715","82089692","82869518"
"716","71741514","82869518"
"717","80939382","80617270"
"718","79308862","80617270"
"719","80530904","80617270"
"720","82136500","79589692"
"721","82136500","83937044"
"722","82326406","83937044"
"723","79025534","80638122"
"724","76966084","78824654"
"725","81263966","78824654"
"726","80109370","71265238"
"727","71607426","80255396"
"728","77036836","76801622"
"729","71607426","76801622"
"730","71830278","76801622"
"731","82876878","99831424"
"732","79553840","83003598"
"733","79633490","83003598"
"734","71976942","77061566"
"735","71976942","83909034"
"736","79170930","78276494"
"737","81182918","71476106"
"738","71039224","71476106"
"739","81182918","82943358"
"740","79403968","82943358"
"741","81866262","81343342"
"742","79321424","81139904"
"743","82019750","81139904"
"744","82332472","80854922"
"745","79158676","80487832"
"746","71126688","80487832"
"747","77662420","80487832"
"748","78330548","80487832"
"749","79515250","80387760"
"750","82334704","80387760"
"751","77837380","71779224"
"752","78737748","72044320"
"753","77818930","78273966"
"754","82445350","80282902"
"755","77603972","80282902"
"756","77603972","81163856"
"757","82513948","99919240"
"758","99758316","99919240"
"759","80490180","99919240"
"760","81266332","82103374"
"761","81305622","82660612"
"762","81458892","82660612"
"763","82667430","82660612"
"764","82186180","82353138"
"765","79253168","82353138"
"766","79253168","80681322"
"767","78330548","70880126"
"768","82876804","81899366"
"769","82772774","81899366"
"770","80731326","81899366"
"771","80929592","81899366"
"772","81259852","76338948"
"773","80530904","81224954"
"774","78017408","78997614"
"775","70223392","79268542"
"776","82644598","79268542"
"777","79321002","78185946"
"778","79815416","78185946"
"779","75952706","78185946"
"780","75952706","82084768"
"781","81726864","82084768"
"782","75952706","82867000"
"783","82937156","82867000"
"784","72464050","71372770"
"785","70869488","71372770"
"786","77020428","71372770"
"787","78312062","71372770"
"788","80887764","76075150"
"789","79287624","76075150"
"790","70918324","76075150"
"791","76565236","82093408"
"792","80718120","80648250"
"793","76565236","80648250"
"794","78684444","80648250"
"795","81256498","81382410"
"796","81258944","81382410"
"797","81258944","71167092"
"798","81258944","81089944"
"799","77924626","83728710"
"800","80422810","83703096"
"801","83852600","83703096"
"802","82520722","83703096"
"803","81861690","83703096"
"804","79767630","77855740"
"805","79767630","70037062"
"806","83148992","83526744"
"807","64600800","72563320"
"808","82034624","82203910"
"809","83102048","82706036"
"810","81059616","82706036"
"811","82698976","82706036"
"812","77973100","70112444"
"813","83587496","82076120"
"814","78977718","82076120"
"815","77420494","82076120"
"816","78977718","82411956"
"817","71606458","82411956"
"818","80849404","81933916"
"819","80576132","79925068"
"820","83546340","79925068"
"821","78010398","79925068"
"822","78368494","82329740"
"823","79479000","82329740"
"824","79321424","82977978"
"825","82688738","70204546"
"826","81194330","80969938"
"827","81194330","79089960"
"828","76449640","79089960"
"829","82063534","82723512"
"830","81336294","82723512"
"831","81679352","82723512"
"832","82063534","83089658"
"833","81849248","83089658"
"834","78715670","81339414"
"835","80317462","72926688"
"836","77557472","76435946"
"837","80317462","76435946"
"838","83727930","99788856"
"839","82486714","83896540"
"840","82610310","83896540"
"841","82576366","83896540"
"842","81706444","83896540"
"843","80558566","80002286"
"844","81263966","77860298"
"845","77070198","77860298"
"846","74895322","77860298"
"847","80580458","82265796"
"848","78687044","82265796"
"849","79343928","82265796"
"850","79343928","81068484"
"851","79671158","81068484"
"852","81263966","77945030"
"853","71590586","75262056"
"854","71590586","82724618"
"855","71590586","71061986"
"856","79147102","80892340"
"857","72862976","71692260"
"858","75409992","71692260"
"859","80713388","82751892"
"860","76217506","82751892"
"861","82464826","82981008"
"862","82464826","82348502"
"863","81251412","82348502"
"864","78871558","82348502"
"865","78992236","82348502"
"866","82464826","79727604"
"867","76438200","79727604"
"868","80039868","77533468"
"869","82125666","80314902"
"870","79915288","76565060"
"871","78712304","76565060"
"872","80015814","76565060"
"873","80909484","81843084"
"874","80658514","81843084"
"875","75640168","77832300"
"876","79336342","77832300"
"877","71273338","72564448"
"878","82445350","79607802"
"879","82081520","79342484"
"880","77301524","83181070"
"881","77301524","72037738"
"882","82576366","99856078"
"883","71261926","99856078"
"884","83538950","99856078"
"885","82576366","81815388"
"886","82576366","83088114"
"887","79730030","78115086"
"888","79730030","70489640"
"889","82860608","79584908"
"890","80227708","83665650"
"891","82860608","83665650"
"892","82860608","77316912"
"893","82872686","83030246"
"894","82872686","99871524"
"895","72023702","78075444"
"896","99847408","82937436"
"897","82905726","82796796"
"898","82644598","99764598"
"899","82905726","99764598"
"900","99774790","99764598"
"901","72053494","71985514"
"902","72053494","82521224"
"903","81796116","82521224"
"904","76077102","82596264"
"905","81885078","83065078"
"906","80187344","83065078"
"907","80187344","79532266"
"908","70801446","79532266"
"909","79660954","81375856"
"910","76449640","72849652"
"911","79660954","72849652"
"912","82259236","83748362"
"913","80227708","83748362"
"914","82899986","83748362"
"915","78802498","75724582"
"916","78802498","83162344"
"917","81949084","83162344"
"918","82268394","82283498"
"919","81573262","82283498"
"920","78804988","82283498"
"921","82667430","99951012"
"922","80646270","99951012"
"923","81235752","99951012"
"924","78089836","82069972"
"925","75977086","82069972"
"926","79724438","82069972"
"927","77473282","76311898"
"928","82264932","76311898"
"929","82264932","70763482"
"930","80700960","81193728"
"931","82987154","99960652"
"932","81667152","79733156"
"933","77600002","70800122"
"934","80574990","82563402"
"935","78312062","82822992"
"936","78312062","81619176"
"937","79883004","81619176"
"938","81423420","81619176"
"939","99853322","83736794"
"940","78145180","81289904"
"941","77993376","75887886"
"942","77993376","80023832"
"943","77993376","79193034"
"944","75540644","79193034"
"945","81189722","83022498"
"946","80434400","81446676"
"947","77404694","81446676"
"948","76690258","81446676"
"949","82772774","83173006"
"950","75965800","75737282"
"951","82498024","99938544"
"952","76499792","99938544"
"953","75965800","99938544"
"954","80713388","75279506"
"955","80713388","82378512"
"956","80713388","77986398"
"957","80713388","99785038"
"958","76974700","71064382"
"959","78842378","82947766"
"960","78842378","82369810"
"961","79696802","75556360"
"962","75932854","82944768"
"963","80370512","82944768"
"964","77469364","77084108"
"965","82182078","80299322"
"966","82182078","81670298"
"967","82182078","82910968"
"968","82182078","81273226"
"969","82101664","79830786"
"970","82644598","71318690"
"971","79005718","78655064"
"972","78978758","78655064"
"973","78684444","80633612"
"974","78012458","83864164"
"975","76262622","78371754"
"976","80015814","83005114"
"977","75755324","83005114"
"978","83097784","83005114"
"979","80015814","79486494"
"980","79146180","81084752"
"981","83694768","81084752"
"982","79796776","81084752"
"983","82698976","83173368"
"984","99873062","83173368"
"985","82927972","83173368"
"986","99873062","81561962"
"987","82622170","81561962"
"988","76392392","77345064"
"989","75854082","79592566"
"990","83932060","83946512"
"991","83751896","83946512"
"992","99853540","83946512"
"993","81993632","80914250"
"994","82754202","80914250"
"995","82754202","71479560"
"996","79185590","77676108"
"997","82536482","80117378"
"998","81250426","80117378"
"999","82698976","82156250"
"1000","82698976","83879402"
"1001","83175058","83879402"
"1002","82698976","82854092"
"1003","82263624","82854092"
"1004","82608928","82578770"
"1005","71741514","83808472"
"1006","71741514","81319840"
"1007","82454112","81319840"
"1008","71741514","99871730"
"1009","99752704","99871730"
"1010","99907050","99871730"
"1011","71741514","99770536"
"1012","99852094","81454004"
"1013","81993632","82885664"
"1014","99852094","82885664"
"1015","82149820","82885664"
"1016","77923114","76507182"
"1017","79724438","78687674"
"1018","76191172","78687674"
"1019","78686632","81029284"
"1020","81648962","71734270"
"1021","80585094","83736874"
"1022","81072524","82794416"
"1023","81072524","80921008"
"1024","72735764","82917070"
"1025","79334202","81396246"
"1026","83159854","81396246"
"1027","81933600","81398676"
"1028","76463600","81398676"
"1029","81933600","78926590"
"1030","81933600","76384146"
"1031","78212116","80409202"
"1032","83062446","82704664"
"1033","81718146","82704664"
"1034","79430718","77414244"
"1035","80523114","79492188"
"1036","78791436","79509328"
"1037","81718146","78350934"
"1038","75712440","79433080"
"1039","79037746","76163078"
"1040","80282290","82456128"
"1041","77437182","76075230"
"1042","77437182","76533796"
"1043","83538950","81450344"
"1044","82263624","81450344"
"1045","83538950","80743276"
"1046","81274894","82319982"
"1047","82445758","82204030"
"1048","82445758","76661930"
"1049","82744748","79764702"
"1050","81458892","83689462"
"1051","82454112","83689462"
"1052","81050144","83689462"
"1053","78710974","83689462"
"1054","78710974","76506044"
"1055","80792246","83005804"
"1056","80792246","80590190"
"1057","81262542","82199064"
"1058","83145012","82901812"
"1059","83572470","82901812"
"1060","80194702","78797228"
"1061","71354304","82453512"
"1062","82805632","82872694"
"1063","79574614","82872694"
"1064","71956748","72884448"
"1065","78180120","99857348"
"1066","99812848","99857348"
"1067","78180120","83148948"
"1068","81978224","81917718"
"1069","79146180","78660558"
"1070","79146180","79279826"
"1071","79796218","79279826"
"1072","79193264","82667946"
"1073","81163222","82667946"
"1074","79623138","78830682"
"1075","81423420","80827892"
"1076","82349640","82988186"
"1077","82279734","82988186"
"1078","99769198","83039074"
"1079","82859328","82798606"
"1080","82568440","82607368"
"1081","82211258","82681722"
"1082","81993632","82681722"
"1083","82057310","80339474"
"1084","82057310","82287342"
"1085","79837374","82287342"
"1086","82057310","81199528"
"1087","79992316","81751998"
"1088","79992316","81554108"
"1089","99761268","82449588"
"1090","77649096","82798620"
"1091","77649096","77784708"
"1092","82149820","82408230"
"1093","82023174","82408230"
"1094","78805820","82008452"
"1095","80474170","80745088"
"1096","80260292","80143358"
"1097","80978254","99868542"
"1098","71414258","99868542"
"1099","79736858","81383396"
"1100","76170092","79213188"
"1101","76170092","75994122"
"1102","82899986","83098718"
"1103","82211258","83098718"
"1104","82899986","78649274"
"1105","82899986","82425374"
"1106","70245468","79858652"
"1107","83546340","79858652"
"1108","77243534","79947088"
"1109","80962590","79947088"
"1110","79796776","83024712"
"1111","82605778","78839684"
"1112","81913440","78839684"
"1113","99907050","99778480"
"1114","81914602","81949426"
"1115","81896224","80450338"
"1116","83881886","99757532"
"1117","70777278","99757532"
"1118","83132816","83154402"
"1119","99801082","83154402"
"1120","79671158","78397284"
"1121","83132816","81781836"
"1122","80733356","82674588"
"1123","80733356","83175584"
"1124","82736272","83175584"
"1125","82428784","99968030"
"1126","79837374","80844560"
"1127","99986594","80844560"
"1128","71980618","79437516"
"1129","81252956","81481738"
"1130","79658250","83176064"
"1131","79658250","83783628"
"1132","82731554","83783628"
"1133","99755626","79875392"
"1134","99755626","80596508"
"1135","76793580","79363640"
"1136","83587674","83080412"
"1137","82116016","83080412"
"1138","81780704","81797990"
"1139","75705106","81797990"
"1140","82349640","83882530"
"1141","82901336","83882530"
"1142","82927972","82717548"
"1143","81859990","82717548"
"1144","80631644","79852070"
"1145","82407968","82101876"
"1146","80300964","82101876"
"1147","81796116","99824660"
"1148","82927972","82373124"
"1149","81745750","82474812"
"1150","70379212","82474812"
"1151","99986594","81759390"
"1152","80881272","81759390"
"1153","83805552","81759390"
"1154","82657726","82923154"
"1155","99795358","83730762"
"1156","83598208","83730762"
"1157","83990710","99776970"
"1158","83990710","82001896"
"1159","83990710","82637328"
"1160","82587568","82997880"
"1161","83574504","82997880"
"1162","99830642","79938510"
"1163","75705106","81367522"
"1164","82407968","81822450"
"1165","81741454","83039664"
"1166","82349640","83597266"
"1167","83886234","99808224"
"1168","80580766","99808224"
"1169","83097784","83122510"
"1170","82652806","83122510"
"1171","79797906","99766250"
"1172","82805632","82766444"
"1173","82882370","82766444"
"1174","81731904","82826272"
"1175","99762258","82826272"
"1176","79397480","82009910"
"1177","83593312","82368064"
"1178","83593312","99779366"
"1179","83181506","99779366"
"1180","81778204","83067946"
"1181","83069472","81340060"
"1182","83932060","80078982"
"1183","82536482","83773538"
"1184","83537182","82963632"
"1185","82736272","81515616"
"1186","82736272","80272612"
"1187","83012278","82201128"
"1188","80580458","82565852"
"1189","81894468","80467050"
"1190","83014752","83009926"
"1191","82147998","99873834"
"1192","82280630","99883934"
"1193","82280630","99895958"
"1194","75213540","82469738"
"1195","83803710","81678472"
"1196","64797262","83080222"
"1197","82926022","99751870"
"1198","83674470","99894078"
"1199","99919750","99894078"
"1200","99817964","99894078"
"1201","82602398","99750328"
"1202","82882370","82825720"
"1203","83860016","99799690"
"1204","82758238","83115290"
"1205","81910004","99881286"
"1206","83013666","99881286"
"1207","99774790","99827840"
"1208","99933942","99962250"
"1209","99940596","83885244"
"1210","83969420","99925828"
